2020-11-23T00:00:01-07:00	Grundlagen der digitalen Kommunikation | https://mrshll.com/talk
2020-10-27T00:00:01-07:00	Firth Release | https://mrshll.com/firth
2020-09-26T00:00:01-07:00	Moogle Release | https://mrshll.com/moogle
2020-09-05T00:00:01-07:00	Gyo Release | https://mrshll.com/gyo
2020-08-28T00:00:01-07:00	Spacetime 6502 Release | https://mrshll.com/spacetime_6502
2020-07-30T00:00:01-07:00	Migrated to Plan9 | https://mrshll.com/computer
2020-07-22T00:00:01-07:00	Spent 7 weeks at sea | https://mrshll.com/travel
2020-06-09T00:00:01-07:00	Sail to Victoria, Canada | https://mrshll.com/canada
2020-05-28T00:00:01-07:00	Sail to Shimoda, Japan | https://mrshll.com/japan
2020-05-26T00:00:01-07:00	Nespaint Release | https://mrshll.com/nespaint
2020-04-04T00:00:01-07:00	Merveilles HyperCard Jam | https://mrshll.com/merveilles
2020-03-30T00:00:01-07:00	Donsol Famicom Release | https://mrshll.com/donsol_famicom
2020-03-22T00:00:01-07:00	Eulerroom Equinox, Livesteam | https://mrshll.com/alicef
2020-02-19T00:00:01-07:00	Travel to Minamiise, Japan | https://mrshll.com/japan
2020-02-08T00:00:01-07:00	Orca Workshop Mila, Montreal | https://mrshll.com/orca
2020-02-02T00:00:01-07:00	Nasu Release | https://mrshll.com/nasu
2019-12-07T00:00:01-07:00	Merveilles Meetup, Berlin | https://mrshll.com/merveilles
2019-12-03T00:00:01-07:00	ReactBerlin, Berlin | https://mrshll.com/azolla
2019-12-02T00:00:01-07:00	Travel to Berlin, Germany | https://mrshll.com/germany
2019-10-29T00:00:01-07:00	Completed Inktober 2019 | https://mrshll.com/neauismetica
2019-10-24T00:00:01-07:00	Orca Workshop Foolab, Montreal | https://mrshll.com/orca
2019-09-20T00:00:01-07:00	Migrated to Linux | https://mrshll.com/computer
2019-09-09T00:00:01-07:00	Travel to Montreal, Canada | https://mrshll.com/canada
2019-09-06T00:00:01-07:00	Talk at XOXO, Portland | https://mrshll.com/talk
2019-09-04T00:00:01-07:00	Travel to Portland, US | https://mrshll.com/travel
2019-08-19T00:00:01-07:00	Travel to Vancouver, Canada | https://mrshll.com/canada
2019-07-13T00:00:01-07:00	Ronin Release | https://mrshll.com/ronin
2019-07-03T00:00:01-07:00	Travel to Tokyo, Japan | https://mrshll.com/japan
2019-06-14T00:00:01-07:00	Azolla Release | https://mrshll.com/azolla
2019-06-12T00:00:01-07:00	Merveilles Meetup, Amsterdam | https://mrshll.com/merveilles
2019-06-06T00:00:01-07:00	JSNation, Amsterdam | https://mrshll.com/azolla
2019-06-04T00:00:01-07:00	Travel to Amsterdam, Netherlands | https://mrshll.com/netherlands
2019-05-18T00:00:01-07:00	Orca Workshop Algomech, Sheffield | https://mrshll.com/orca
2019-05-17T00:00:01-07:00	Algomech Festival, Sheffield | https://mrshll.com/azolla
2019-05-16T00:00:01-07:00	Travel to Manchester, UK | https://mrshll.com/travel
2019-05-11T00:00:01-07:00	Travel to Osaka, Japan | https://mrshll.com/osaka
2019-04-15T00:00:01-07:00	Sail to Minamiise, Japan | https://mrshll.com/minamiise
2019-03-25T00:00:01-07:00	Merveilles Meetup, Tokyo | https://mrshll.com/merveilles
2019-03-08T00:00:01-07:00	Sail to Shizuoka, Japan | https://mrshll.com/shizuoka
2019-01-24T00:00:01-07:00	Sail to Chichijima, Japan | https://mrshll.com/ogasawara
2018-12-13T00:00:01-07:00	Mastodon Instance Inauguration | https://mrshll.com/merveilles
2018-11-17T00:00:01-07:00	Orca Release | https://mrshll.com/orca
2018-10-21T00:00:01-07:00	Sail to Majuro, Marshall Islands | https://mrshll.com/marshall_islands
2018-07-15T00:00:01-07:00	MoonQuest OST Release | https://mrshll.com/noon_guest
2018-06-26T00:00:01-07:00	Sail to Savusavu, Fiji | https://mrshll.com/fiji
2018-04-26T00:00:01-07:00	Super Meteor Exhibition | https://mrshll.com/habitants_du_soleil
2018-04-20T00:00:01-07:00	Talk at Play By Play, Wellington | https://mrshll.com/talk
2018-04-14T00:00:01-07:00	Habitants du soleil Release | https://mrshll.com/habitants_du_soleil
2018-03-21T00:00:01-07:00	Talk at Media Design, Auckland | https://mrshll.com/talk
2018-01-16T00:00:01-07:00	Arvelie Calendar | https://mrshll.com/arvelie
2018-01-11T00:00:01-07:00	Dotgrid Release | https://mrshll.com/dotgrid
2017-12-19T00:00:01-07:00	Merveilles Meetup, Auckland | https://mrshll.com/merveilles
2017-10-30T00:00:01-07:00	Sail to Whangarei, New Zealand | https://mrshll.com/new_zealand
2017-09-11T00:00:01-07:00	Sail to Neiafu, Tonga | https://mrshll.com/travel
2017-09-05T00:00:01-07:00	Marabu Release | https://mrshll.com/marabu
2017-09-04T00:00:01-07:00	Verreciel Desktop Release | https://mrshll.com/verreciel
2017-09-03T00:00:01-07:00	Left Release | https://mrshll.com/left
2017-08-31T00:00:01-07:00	Getapan 728k Release | https://mrshll.com/getapan_728k
2017-07-29T00:00:01-07:00	Sail to Alofi, Niue | https://mrshll.com/niue
2017-05-30T00:00:01-07:00	Collected works Release | https://mrshll.com/collected_works
2017-05-03T00:00:01-07:00	Thousand rooms Release | https://mrshll.com/thousand_rooms
2017-04-04T00:00:01-07:00	Recording Superworker | https://mrshll.com/superworker
2017-03-18T00:00:01-07:00	Known Magye Release | https://mrshll.com/known_magye
2017-03-03T00:00:01-07:00	Sail to Nuku Hiva, Marquesas | https://mrshll.com/marquesas
2017-02-27T00:00:01-07:00	Oquonie Desktop Release | https://mrshll.com/oquonie
2017-02-01T00:00:01-07:00	Sail to Ensenada, Mexico | https://mrshll.com/black
2017-01-12T00:00:01-07:00	Donsol Desktop Release | https://mrshll.com/donsol
2016-10-20T00:00:01-07:00	Sail to La Paz, Mexico | https://mrshll.com/mexico
2016-10-07T00:00:01-07:00	Sail to Los Angeles, US | https://mrshll.com/america
2016-10-05T00:00:01-07:00	Portalion Release | https://mrshll.com/portalion
2016-08-27T00:00:01-07:00	Merveilles Meetup, San Francisco | https://mrshll.com/merveilles
2016-08-10T00:00:01-07:00	Sail to Seattle, US | https://mrshll.com/america
2016-06-05T00:00:01-07:00	Donsol Mobile Release | https://mrshll.com/donsol
2016-05-10T00:00:01-07:00	Verreciel OST Release | https://mrshll.com/verreciel_soundtrack
2016-03-10T00:00:01-07:00	Travel to San Francisco | https://mrshll.com/america
2016-02-13T00:00:01-07:00	Aquired sailboat | https://mrshll.com/pino
2015-11-12T00:00:01-07:00	Founded Hundred Rabbits | https://mrshll.com/hundred_rabbits
2015-10-02T00:00:01-07:00	Toy Company, Montreal | https://mrshll.com/opal_inquisitors
2015-09-16T00:00:01-07:00	Opal inquisitors Release | https://mrshll.com/opal_inquisitors
2015-09-04T00:00:01-07:00	Talk at Ars Electronica, Vienna | https://mrshll.com/talk
2015-08-31T00:00:01-07:00	Travel to Vienna | https://mrshll.com/austria
2015-08-29T00:00:01-07:00	Looking Glace Release | https://mrshll.com/looking_glace
2015-07-28T00:00:01-07:00	Supervisitor Release | https://mrshll.com/supervisitor
2015-06-21T00:00:01-07:00	Vocavularist Release | https://mrshll.com/vocavularist
2015-05-13T00:00:01-07:00	Travel to Utrecht | https://mrshll.com/netherlands
2015-04-30T00:00:01-07:00	Extended Sleep Release | https://mrshll.com/extended_sleep
2015-04-22T00:00:01-07:00	Talk at Amaze, Berlin | https://mrshll.com/talk
2015-02-27T00:00:01-07:00	Travel to Francisco | https://mrshll.com/america
2015-01-14T00:00:01-07:00	Ramiel Release | https://mrshll.com/ramiel
2014-10-17T00:00:01-07:00	Leap Motion Demo, Tokyo | https://mrshll.com/telekinesis
2014-10-02T00:00:01-07:00	Ten Axitecture Release | https://mrshll.com/ten_axitecture
2014-09-12T00:00:01-07:00	Created Grimgrains | https://mrshll.com/grimgrains
2014-08-28T00:00:01-07:00	Damoiseau et Canalx Release | https://mrshll.com/damoiseau_canalx
2014-08-14T00:00:01-07:00	Started eating vegan | https://mrshll.com/nutrition
2014-08-05T00:00:01-07:00	The Advent V Release | https://mrshll.com/advent_v
2014-05-19T00:00:01-07:00	Purgateus Release | https://mrshll.com/purgateus
2014-04-07T00:00:01-07:00	Vast Release | https://mrshll.com/vast
2014-03-18T00:00:01-07:00	PowPow, San Francisco | https://mrshll.com/known_magye
2014-03-14T00:00:01-07:00	Travel to San Fancisco | https://mrshll.com/america
2014-01-27T00:00:01-07:00	Started learning Russian | https://mrshll.com/russian
2014-01-07T00:00:01-07:00	Moved to Montreal, Canada | https://mrshll.com/canada
2013-09-29T00:00:01-07:00	SquareSound, Tokyo | https://mrshll.com/telekinetic
2013-07-20T00:00:01-07:00	Hiversaires Release | https://mrshll.com/hiversaires
2013-06-24T00:00:01-07:00	Dei Dain Release | https://mrshll.com/dei_dain
2013-06-18T00:00:01-07:00	Mega Ran Tour, Tokyo | https://mrshll.com/dei_dain
2013-02-15T00:00:01-07:00	SquareSound, Melbourne | https://mrshll.com/ehrivevnv_studies
2013-02-13T00:00:01-07:00	Travel to Australia | https://mrshll.com/travel
2012-10-25T00:00:01-07:00	Ehrivevnv Studies Release | https://mrshll.com/ehrivevnv_studies
2012-10-21T00:00:01-07:00	Blip Festival, Tokyo | https://mrshll.com/ehrivevnv_studies
2012-10-17T00:00:01-07:00	Moved to Tokyo, Japan | https://mrshll.com/japan
2012-10-15T00:00:01-07:00	To The Aeons Hell Release | https://mrshll.com/to_the_aeons_hell
2012-07-10T00:00:01-07:00	Vetetrandes Lettres Release | https://mrshll.com/vetetrandes_lettres
2012-07-09T00:00:01-07:00	iVardensphere Tour, Montreal | https://mrshll.com/vetetrandes_lettres
2012-06-28T00:00:01-07:00	Pico Battle Release | https://mrshll.com/pico_battle
2012-05-26T00:00:01-07:00	Started eating vegetarian | https://mrshll.com/nutrition
2012-05-20T00:00:01-07:00	Kinetik Festival, Montreal | https://mrshll.com/vetetrandes_lettres
2012-03-25T00:00:01-07:00	Travel to Berlin | https://mrshll.com/germany
2012-03-24T00:00:01-07:00	Noise Complex, Paris | https://mrshll.com/vetetrandes_lettres
2012-03-20T00:00:01-07:00	Travel to Paris | https://mrshll.com/france
2012-02-11T00:00:01-07:00	Es gulf sunflowers Release | https://mrshll.com/es_gulf_sunflowers
2012-01-29T00:00:01-07:00	Volkenessen Release | https://mrshll.com/volkenessen
2011-12-17T00:00:01-07:00	From Saharaphorest Release | https://mrshll.com/from_saharaphorest
2011-12-02T00:00:01-07:00	Neurodance, Toronto | https://mrshll.com/es_gulf_sunflowers
2011-09-24T00:00:01-07:00	Sixth Season Release | https://mrshll.com/the_sixth_season
2011-08-05T00:00:01-07:00	Blam Release | https://mrshll.com/blam
2011-06-01T00:00:01-07:00	Vermillionth Release | https://mrshll.com/vermillionth
2011-05-22T00:00:01-07:00	Kinetik Festival, Montreal | https://mrshll.com/the_sixth_season
2011-03-01T00:00:01-07:00	Travel to Czech | https://mrshll.com/czech
2011-01-03T00:00:01-07:00	Travel to Philadelphia | https://mrshll.com/america
2010-12-17T00:00:01-07:00	Toy Company, Montreal | https://mrshll.com/to_the_aeons_hell
2010-10-18T00:00:01-07:00	Pico3 Release | https://mrshll.com/pico3
2010-10-15T00:00:01-07:00	Toy Company, Montreal | https://mrshll.com/to_the_aeons_hell
2010-10-06T00:00:01-07:00	Merure Release | https://mrshll.com/merure
2010-08-20T00:00:01-07:00	Toy Company, Montreal | https://mrshll.com/to_the_aeons_hell
2010-07-15T00:00:01-07:00	Komor Kommando Live, Ottawa | https://mrshll.com/idyllic_miners
2010-05-19T00:00:01-07:00	Idyllic Miners Release | https://mrshll.com/idyllic_miners
2010-05-13T00:00:01-07:00	Kinetik Festival, Montreal | https://mrshll.com/idyllic_miners
2010-03-23T00:00:01-07:00	Ann yozora saint Release | https://mrshll.com/ann_yozora_saint
2010-02-27T00:00:01-07:00	1H1D vs Shikanokoa, Osaka | https://mrshll.com/shikanokoa_vs_1h1d
2010-02-25T00:00:01-07:00	Travel to Osaka, Japan | https://mrshll.com/osaka
2010-02-19T00:00:01-07:00	Travel to Tokyo, Japan | https://mrshll.com/osaka
2009-09-15T00:00:01-07:00	Drypoint Release | https://mrshll.com/drypoint
2009-09-08T00:00:01-07:00	Pedestrian Paradise Release | https://mrshll.com/pedestrian_paradise
2009-09-06T00:00:01-07:00	Piknic Electronik, Montreal | https://mrshll.com/pedestrian_paradise
2009-07-11T00:00:01-07:00	Malice Release | https://mrshll.com/malice
2009-07-10T00:00:01-07:00	Toy Company, Montreal | https://mrshll.com/pedestrian_paradise
2009-03-21T00:00:01-07:00	Birthdeffekt, Montreal | https://mrshll.com/otoroutes_miniatures
2009-02-12T00:00:01-07:00	Toy Company, Montreal | https://mrshll.com/otoroutes_miniatures
2008-11-16T00:00:01-07:00	16D Label, Tokyo | https://mrshll.com/downtemperature
2008-09-12T00:00:01-07:00	Toy Company, Montreal | https://mrshll.com/downtemperature
2008-07-31T00:00:01-07:00	Nether Esper Inserts Release | https://mrshll.com/nether_esper_inserts
2008-07-10T00:00:01-07:00	Began XXIIVV | https://mrshll.com/oscean
2008-06-28T00:00:01-07:00	Pulsewave, New York | https://mrshll.com/malice
2008-06-27T00:00:01-07:00	Travel to New York | https://mrshll.com/america
2008-05-17T00:00:01-07:00	Toy Company, Montreal | https://mrshll.com/downtemperature
2008-04-30T00:00:01-07:00	Started learning Japanese | https://mrshll.com/japanese
2007-03-04T00:00:01-07:00	Downtemperature Release | https://mrshll.com/downtemperature
2006-12-04T00:00:01-07:00	Regionsteam Snowdays Release | https://mrshll.com/regionsteam_snowdays
2006-04-25T00:00:01-07:00	Began Journaling | https://mrshll.com/horaire
